mode,load,repeat,messages,wall_ns,cpu_ns,cpu_equivalents,poll_calls,max_burst_ns,max_scheduled_completion_ns
legacy_spin,idle,1,0,400000400,406250000,1.015624,1175297,0,0
drain_spin,idle,1,0,400000300,406250000,1.015624,1182379,0,0
balanced,idle,1,0,410417400,0,0.000000,25,0,0
legacy_spin,paced,1,2048,320194400,312500000,0.975970,929098,486500,487000
drain_spin,paced,1,2048,320191100,328125000,1.024779,907326,479700,480400
balanced,paced,1,2048,327894200,15625000,0.047653,151,741300,17287400
legacy_spin,saturated,1,16384,92221600,93750000,1.016573,32768,92221500,92221600
drain_spin,saturated,1,16384,92299600,93750000,1.015714,1024,92299600,92299600
balanced,saturated,1,16384,93269800,93750000,1.005149,1024,93269700,93269800
drain_spin,idle,2,0,400000200,390625000,0.976562,1156831,0,0
balanced,idle,2,0,409472600,0,0.000000,26,0,0
legacy_spin,idle,2,0,400000200,406250000,1.015624,1096353,0,0
drain_spin,paced,2,2048,320268300,328125000,1.024532,805774,599500,600000
balanced,paced,2,2048,327862000,0,0.000000,149,731100,20435900
legacy_spin,paced,2,2048,320256600,328125000,1.024569,814529,617000,617900
drain_spin,saturated,2,16384,114414800,109375000,0.955952,1024,114414500,114414600
balanced,saturated,2,16384,103510600,93750000,0.905704,1024,103510400,103510500
legacy_spin,saturated,2,16384,100896500,93750000,0.929170,32768,100896300,100896400
balanced,idle,3,0,405285400,0,0.000000,25,0,0
legacy_spin,idle,3,0,400000400,390625000,0.976562,1135200,0,0
drain_spin,idle,3,0,400000700,390625000,0.976561,963947,0,0
balanced,paced,3,2048,338527600,31250000,0.092312,150,652900,18527500
legacy_spin,paced,3,2048,320201500,312500000,0.975948,737524,680000,680300
drain_spin,paced,3,2048,320280700,328125000,1.024492,761712,380600,381000
balanced,saturated,3,16384,94375800,93750000,0.993369,1024,94375600,94375700
legacy_spin,saturated,3,16384,129109200,125000000,0.968173,32768,129109000,129109100
drain_spin,saturated,3,16384,111423800,109375000,0.981613,1024,111423700,111423800
legacy_spin,idle,4,0,400000200,406250000,1.015624,1036397,0,0
drain_spin,idle,4,0,400000300,406250000,1.015624,1034863,0,0
balanced,idle,4,0,414740400,0,0.000000,25,0,0
legacy_spin,paced,4,2048,320272300,328125000,1.024519,761578,316000,336700
drain_spin,paced,4,2048,320456600,328125000,1.023930,657756,641500,642000
balanced,paced,4,2048,333478600,31250000,0.093709,150,870300,17693100
legacy_spin,saturated,4,16384,100875900,109375000,1.084253,32768,100875900,100875900
drain_spin,saturated,4,16384,105017500,109375000,1.041493,1024,105017200,105017300
balanced,saturated,4,16384,108575400,109375000,1.007364,1024,108575200,108575300
drain_spin,idle,5,0,400000200,406250000,1.015624,959146,0,0
balanced,idle,5,0,406401400,15625000,0.038447,26,0,0
legacy_spin,idle,5,0,400000100,390625000,0.976562,1108006,0,0
drain_spin,paced,5,2048,320172100,312500000,0.976038,747841,763600,763900
balanced,paced,5,2048,322119300,0,0.000000,149,703000,18236700
legacy_spin,paced,5,2048,320309300,328125000,1.024400,762450,674500,674900
drain_spin,saturated,5,16384,128315600,125000000,0.974161,1024,128315400,128315500
balanced,saturated,5,16384,104380500,109375000,1.047849,1024,104380400,104380500
legacy_spin,saturated,5,16384,107974700,93750000,0.868259,32768,107974500,107974700
